Andrea,Agostini,1963
Luca,Aiello,1999
Marco,Albanese,2003
Francesco,Amato,1955
Matteo,Antonelli,1958
Alessandro,Arena,1947
Davide,Baldi,1995
Simone,Barbieri,1955
Federico,Barone,1994
Lorenzo,Basile,1917
Mattia,Battaglia,1985
Stefano,Bellini,1971
Giuseppe,Benedetti,1932
Giordano,Bernardi,1943
Daniele,Bianchi,1948
Michele,Bianco,1978
Alessio,Brambilla,1959
Antonio,Bruni,2004
Giovanni,Bruno,1957
Nicola,Calabrese,2007
Gabriele,Caputo,1986
Fabio,Carbone,1977
Alberto,Caruso,1999
Giacomo,Castelli,1968
Giulio,Catalano,2011
Filippo,Cattaneo,1928
Gianluca,Cavallo,1920
Paolo,Ceccarelli,1991
Roberto,Cirillo,1969
Salvatore,Colombo,1947
Emanuele,Conte,1979
Edoardo,Conti,2013
Enrico,Coppola,1930
Vincenzo,Costa,1966
Nicolò,Costantini,1952
Leonardo,De Angelis,1972
Jacopo,De Luca,1996
Manuel,De Rosa,1932
Mirko,De Santis,2010
Tommaso,De Simone,1972
Pietro,Di Stefano,1930
Luigi,Donati,1977
Giorgio,Esposito,1926
Angelo,Fabbri,1943
Dario,Farina,2003
Valerio,Ferrante,1957
Domenico,Ferrara,2002
Claudio,Ferrari,1944
Alex,Ferraro,1945
Christian,Ferrero,1944
Pepito,Ferretti,1935
Andrea,Ferri,2013
Luca,Ferro,2002
Marco,Fiore,2015
Francesco,Fontana,1965
Matteo,Franco,1995
Alessandro,Fumagalli,1925
Davide,Fusco,1969
Simone,Galli,1970
Federico,Gallo,1977
Lorenzo,Gargiulo,1997
Mattia,Garofalo,1931
Stefano,Gatti,1974
Giuseppe,Gentile,2010
Giordano,Giordano,1978
Daniele,Giorgi,2008
Michele,Giuliani,1966
Alessio,Grassi,1957
Antonio,Grasso,1922
Giovanni,Greco,1958
Nicola,Grimaldi,2010
Gabriele,Guerra,1933
Fabio,Guidi,1919
Alberto,Leone,1920
Giacomo,Lombardi,1960
Giulio,Lombardo,2003
Filippo,Longo,1961
Gianluca,Lorusso,1946
Paolo,Mancini,1931
Roberto,Marchetti,1987
Salvatore,Marchi,1971
Emanuele,Mariani,1949
Edoardo,Marini,1984
Enrico,Marino,1958
Vincenzo,Marra,1946
Nicolò,Martinelli,1934
Leonardo,Martini,1935
Jacopo,Martino,1955
Manuel,Mazza,1984
Mirko,Mele,1989
Tommaso,Meloni,2013
Pietro,Messina,1965
Luigi,Milani,2001
Giorgio,Monaco,1970
Angelo,Montanari,1959
Dario,Monti,1964
Valerio,Morelli,1962
Domenico,Moretti,2007
Claudio,Moro,2002
Alex,Napolitano,1965
Christian,Neri,1949
Pepito,Olivieri,1996
Andrea,Orlando,1981
Luca,Pace,1952
Marco,Pagano,2000
Francesco,Palmieri,1925
Matteo,Palumbo,1939
Alessandro,Parisi,1945
Davide,Pastore,1953
Simone,Pellegrini,1954
Federico,Pellegrino,2013
Lorenzo,Pepe,2005
Mattia,Perrone,1984
Stefano,Piazza,1982
Giuseppe,Piccolo,1945
Giordano,Giordano,2014
Daniele,Piras,1997
Michele,Poli,1964
Alessio,Pozzi,1951
Antonio,Proietti,1965
Giovanni,Ricci,1935
Nicola,Ricciardi,1948
Gabriele,Rinaldi,2011
Fabio,Riva,1920
Alberto,Rizzi,2001
Giacomo,Rizzo,1954
Giulio,Romano,1965
Filippo,Romeo,1945
Gianluca,Rossetti,1943
Paolo,Rossi,1951
Roberto,Ruggeri,1993
Salvatore,Ruggiero,1976
Emanuele,Russo,1932
Edoardo,Sala,1957
Enrico,Sanna,2011
Vincenzo,Santini,2013
Nicolò,Santoro,1963
Leonardo,Sartori,1932
Jacopo,Serra,1942
Manuel,Silvestri,1999
Mirko,Sorrentino,1969
Tommaso,Testa,1939
Pietro,Valente,1987
Luigi,Valentini,1936
Giorgio,Villa,2002
Angelo,Villani,2015
Dario,Vitale,1932
Valerio,Vitali,1983
Domenico,Volpe,1961
Claudio,Zanetti,1966
Alex,Sbazzeguti,1930
Christian,Agostini,1979
Pepito,Aiello,1995
Andrea,Albanese,1925
Luca,Amato,1981
Marco,Antonelli,1979
Francesco,Arena,1961
Matteo,Baldi,1928
Alessandro,Barbieri,2005
Davide,Barone,1987
Simone,Basile,1961
Federico,Battaglia,1983
Lorenzo,Bellini,1947
Mattia,Benedetti,1974
Stefano,Bernardi,1922
Giuseppe,Bianchi,1940
Giordano,Bianco,1971
Daniele,Brambilla,1968
Michele,Bruni,1956
Alessio,Bruno,1994
Antonio,Calabrese,1950
Giovanni,Caputo,2006
Nicola,Carbone,1917
Gabriele,Caruso,1921
Fabio,Castelli,1926
Alberto,Catalano,2001
Giacomo,Cattaneo,1918
Giulio,Cavallo,1939
Filippo,Ceccarelli,1968
Gianluca,Cirillo,1963
Paolo,Colombo,1986
Roberto,Conte,1982
Salvatore,Conti,1924
Emanuele,Coppola,1966
Edoardo,Costa,1990
Enrico,Costantini,1986
Vincenzo,De Angelis,1927
Nicolò,De Luca,1933
Leonardo,De Rosa,1998
Jacopo,De Santis,2015
Manuel,De Simone,2004
Mirko,Di Stefano,1941
Tommaso,Donati,1980
Pietro,Esposito,1933
Luigi,Fabbri,1998
Giorgio,Farina,1985
Angelo,Ferrante,1957
Dario,Ferrara,1953
Valerio,Ferrari,1936
Domenico,Ferraro,1994
Claudio,Ferrero,1929
Alex,Ferretti,1969
Christian,Ferri,1982
Pepito,Ferro,1927
Andrea,Fiore,1973
Luca,Fontana,1990
Marco,Franco,2011
Francesco,Fumagalli,1972
Matteo,Fusco,2012
Alessandro,Galli,1964
Davide,Gallo,1917
Simone,Gargiulo,1983
Federico,Garofalo,1928
Lorenzo,Gatti,1925
Mattia,Gentile,1931
Stefano,Giordano,1999
Giuseppe,Giorgi,1992
Giordano,Giuliani,1939
Daniele,Grassi,1917
Michele,Grasso,1972
Alessio,Greco,1936
Antonio,Grimaldi,2002
Giovanni,Guerra,1996
Nicola,Guidi,2000
Gabriele,Leone,1919
Fabio,Lombardi,1978
Alberto,Lombardo,1967
Giacomo,Longo,1957
Giulio,Lorusso,2012
Filippo,Mancini,1984
Gianluca,Marchetti,1933
Paolo,Marchi,1925
Roberto,Mariani,1937
Salvatore,Marini,1999
Emanuele,Marino,1936
Edoardo,Marra,1991
Enrico,Martinelli,1973
Vincenzo,Martini,1929
Nicolò,Martino,1948
Leonardo,Mazza,1967
Jacopo,Mele,1976
Manuel,Meloni,1946
Mirko,Messina,1934
Tommaso,Milani,1985
Pietro,Monaco,1954
Luigi,Montanari,1946
Giorgio,Monti,1967
Angelo,Morelli,1929
Dario,Moretti,1968
Valerio,Moro,1967
Domenico,Napolitano,1984
Claudio,Neri,1988
Alex,Olivieri,1951
Christian,Orlando,1965
Pepito,Pace,1970
Andrea,Pagano,1951
Luca,Palmieri,1925
Marco,Palumbo,1919
Francesco,Parisi,1992
Matteo,Pastore,1922
Alessandro,Pellegrini,1987
Davide,Pellegrino,2006
Simone,Pepe,1928
Federico,Perrone,2007
Lorenzo,Piazza,1989
Mattia,Piccolo,1945
Stefano,Giordano,1981
Giuseppe,Piras,1944
Giordano,Poli,1958
Daniele,Pozzi,2010
Michele,Proietti,1995
Alessio,Ricci,2015
Antonio,Ricciardi,1940
Giovanni,Rinaldi,2012
Nicola,Riva,1985
Gabriele,Rizzi,1976
Fabio,Rizzo,1941
Alberto,Romano,1936
Giacomo,Romeo,1988
Giulio,Rossetti,1992
Filippo,Rossi,1984
Gianluca,Ruggeri,1956
Paolo,Ruggiero,1964
Roberto,Russo,1917
Salvatore,Sala,2002
Emanuele,Sanna,2015
Edoardo,Santini,1951
Enrico,Santoro,2011
Vincenzo,Sartori,1919
Nicolò,Serra,1925
Leonardo,Silvestri,2014
Jacopo,Sorrentino,1989
Manuel,Testa,2015
Mirko,Valente,1924
Tommaso,Valentini,1978
Pietro,Villa,1988
Luigi,Villani,1953
Giorgio,Vitale,1941
Angelo,Vitali,1917
Dario,Volpe,1994
Valerio,Zanetti,1935
Domenico,Sbazzeguti,1993
Claudio,Agostini,1993
Alex,Aiello,1959
Christian,Albanese,1987
Pepito,Amato,1960
Andrea,Antonelli,1917
Luca,Arena,2011
Marco,Baldi,1977
Francesco,Barbieri,1988
Matteo,Barone,1988
Alessandro,Basile,1943
Davide,Battaglia,1926
Simone,Bellini,1934
Federico,Benedetti,1943
Lorenzo,Bernardi,2012
Mattia,Bianchi,1934
Stefano,Bianco,1976
Giuseppe,Brambilla,2005
Giordano,Bruni,1934
Daniele,Bruno,1984
Michele,Calabrese,2001
Alessio,Caputo,2004
Antonio,Carbone,1983
Giovanni,Caruso,2008
Nicola,Castelli,1966
Gabriele,Catalano,1956
Fabio,Cattaneo,1945
Alberto,Cavallo,1989
Giacomo,Ceccarelli,1954
Giulio,Cirillo,1921
Filippo,Colombo,2007
Gianluca,Conte,1931
Paolo,Conti,1998
Roberto,Coppola,1948
Salvatore,Costa,2001
Emanuele,Costantini,1940
Edoardo,De Angelis,1946
Enrico,De Luca,1995
Vincenzo,De Rosa,1999
Nicolò,De Santis,1918
Leonardo,De Simone,1967
Jacopo,Di Stefano,1926
Manuel,Donati,1926
Mirko,Esposito,1982
Tommaso,Fabbri,1951
Pietro,Farina,1920
Luigi,Ferrante,1999
Giorgio,Ferrara,2010
Angelo,Ferrari,2008
Dario,Ferraro,2014
Valerio,Ferrero,1978
Domenico,Ferretti,1993
Claudio,Ferri,2002
Alex,Ferro,1946
Christian,Fiore,1983
Pepito,Fontana,1951
Andrea,Franco,1983
Luca,Fumagalli,2012
Marco,Fusco,1924
Francesco,Galli,1921
Matteo,Gallo,1917
Alessandro,Gargiulo,2012
Davide,Garofalo,1933
Simone,Gatti,1996
Federico,Gentile,1943
Lorenzo,Giordano,2015
Mattia,Giorgi,1919
Stefano,Giuliani,1972
Giuseppe,Grassi,1994
Giordano,Grasso,2001
Daniele,Greco,1972
Michele,Grimaldi,1943
Alessio,Guerra,2010
Antonio,Guidi,1981
Giovanni,Leone,2009
Nicola,Lombardi,1943
Gabriele,Lombardo,1984
Fabio,Longo,1990
Alberto,Lorusso,1937
Giacomo,Mancini,1974
Giulio,Marchetti,1989
Filippo,Marchi,1997
Gianluca,Mariani,1949
Paolo,Marini,1975
Roberto,Marino,1927
Salvatore,Marra,2015
Emanuele,Martinelli,2009
Edoardo,Martini,1993
Enrico,Martino,2009
Vincenzo,Mazza,2014
Nicolò,Mele,1995
Leonardo,Meloni,2010
Jacopo,Messina,2011
Manuel,Milani,2009
Mirko,Monaco,1988
Tommaso,Montanari,1938
Pietro,Monti,2008
Luigi,Morelli,1990
Giorgio,Moretti,1993
Angelo,Moro,1985
Dario,Napolitano,1975
Valerio,Neri,1949
Domenico,Olivieri,2011
Claudio,Orlando,1968
Alex,Pace,2011
Christian,Pagano,2002
Pepito,Palmieri,1994
Andrea,Palumbo,1977
Luca,Parisi,1977
Marco,Pastore,2015
Francesco,Pellegrini,1935
Matteo,Pellegrino,1948
Alessandro,Pepe,1996
Davide,Perrone,1965
Simone,Piazza,2004
Federico,Piccolo,2004
Lorenzo,Giordano,1963
Mattia,Piras,1996
Stefano,Poli,1979
Giuseppe,Pozzi,1956
Giordano,Proietti,1994
Daniele,Ricci,1958
Michele,Ricciardi,1948
Alessio,Rinaldi,1987
Antonio,Riva,1951
Giovanni,Rizzi,1921
Nicola,Rizzo,2006
Gabriele,Romano,1941
Fabio,Romeo,1994
Alberto,Rossetti,1982
Giacomo,Rossi,2009
Giulio,Ruggeri,1954
Filippo,Ruggiero,2012
Gianluca,Russo,2003
Paolo,Sala,2005
Roberto,Sanna,2008
Salvatore,Santini,1989
Emanuele,Santoro,1983
Edoardo,Sartori,1969
Enrico,Serra,1948
Vincenzo,Silvestri,1980
Nicolò,Sorrentino,1986
Leonardo,Testa,1979
Jacopo,Valente,1958
Manuel,Valentini,1933
Mirko,Villa,1966
Tommaso,Villani,1944
Pietro,Vitale,1979
Luigi,Vitali,1946
Giorgio,Volpe,2006
Angelo,Zanetti,1918
Dario,Sbazzeguti,1922
Valerio,Agostini,1946
Domenico,Aiello,1949
Claudio,Albanese,1993
Alex,Amato,1978
Christian,Antonelli,1953
Pepito,Arena,1983
Andrea,Baldi,2003
Luca,Barbieri,1932
Marco,Barone,1947
Francesco,Basile,1994
Matteo,Battaglia,1969
Alessandro,Bellini,1944
Davide,Benedetti,1981
Simone,Bernardi,1956
Federico,Bianchi,1936
Lorenzo,Bianco,1955
Mattia,Brambilla,1921
Stefano,Bruni,1986
Giuseppe,Bruno,1984
Giordano,Calabrese,1985
Daniele,Caputo,1956
Michele,Carbone,1946
Alessio,Caruso,1925
Antonio,Castelli,1971
Giovanni,Catalano,1995
Nicola,Cattaneo,1953
Gabriele,Cavallo,1934
Fabio,Ceccarelli,1925
Alberto,Cirillo,1941
Giacomo,Colombo,1935
Giulio,Conte,1928
Filippo,Conti,1971
Gianluca,Coppola,1968
Paolo,Costa,2002
Roberto,Costantini,1933
Salvatore,De Angelis,2002
Emanuele,De Luca,1970
Edoardo,De Rosa,1918
Enrico,De Santis,1918
Vincenzo,De Simone,1998
Nicolò,Di Stefano,1996
Leonardo,Donati,1968
Jacopo,Esposito,1926
Manuel,Fabbri,1961
Mirko,Farina,2007
Tommaso,Ferrante,1945
Pietro,Ferrara,1997
Luigi,Ferrari,2012
Giorgio,Ferraro,2013
Angelo,Ferrero,1966
Dario,Ferretti,1979
Valerio,Ferri,1953
Domenico,Ferro,1995
Claudio,Fiore,1985
Alex,Fontana,2005
Christian,Franco,1972
Pepito,Fumagalli,1922
Andrea,Fusco,1924
Luca,Galli,1980
Marco,Gallo,1945
Francesco,Gargiulo,1940
Matteo,Garofalo,1989
Alessandro,Gatti,1999
Davide,Gentile,1989
Simone,Giordano,1976
Federico,Giorgi,2015
Lorenzo,Giuliani,1976
Mattia,Grassi,1928
Stefano,Grasso,1918
Giuseppe,Greco,1977
Giordano,Grimaldi,2009
Daniele,Guerra,1995
Michele,Guidi,1928
Alessio,Leone,1920
Antonio,Lombardi,1940
Giovanni,Lombardo,1919
Nicola,Longo,1946
Gabriele,Lorusso,1920
Fabio,Mancini,2012
Alberto,Marchetti,1943
Giacomo,Marchi,1967
Giulio,Mariani,1973
Filippo,Marini,1978
Gianluca,Marino,1946
Paolo,Marra,1943
Roberto,Martinelli,1967
Salvatore,Martini,2001
Emanuele,Martino,1946
Edoardo,Mazza,1974
Enrico,Mele,1963
Vincenzo,Meloni,1974
Nicolò,Messina,1996
Leonardo,Milani,1936
Jacopo,Monaco,1955
Manuel,Montanari,1969
Mirko,Monti,1993
Tommaso,Morelli,1953
Pietro,Moretti,1927
Luigi,Moro,2004
Giorgio,Napolitano,1954
Angelo,Neri,1988
Dario,Olivieri,1998
Valerio,Orlando,1933
Domenico,Pace,1997
Claudio,Pagano,2001
Alex,Palmieri,1954
Christian,Palumbo,1997
Pepito,Parisi,1929
Andrea,Pastore,1955
Luca,Pellegrini,1994
Marco,Pellegrino,1956
Francesco,Pepe,2005
Matteo,Perrone,1949
Alessandro,Piazza,1918
Davide,Piccolo,1935
Simone,Giordano,1973
Federico,Piras,1968
Lorenzo,Poli,1918
Mattia,Pozzi,2001
Stefano,Proietti,1925
Giuseppe,Ricci,1962
Giordano,Ricciardi,1957
Daniele,Rinaldi,2004
Michele,Riva,1980
Alessio,Rizzi,1996
Antonio,Rizzo,1955
Giovanni,Romano,1957
Nicola,Romeo,1933
Gabriele,Rossetti,1966
Fabio,Rossi,1946
Alberto,Ruggeri,1968
Giacomo,Ruggiero,1936
Giulio,Russo,1926
Filippo,Sala,1982
Gianluca,Sanna,1917
Paolo,Santini,2008
Roberto,Santoro,1918
Salvatore,Sartori,1997
Emanuele,Serra,1921
Edoardo,Silvestri,1957
Enrico,Sorrentino,1973
Vincenzo,Testa,1960
Nicolò,Valente,1946
Leonardo,Valentini,2004
Jacopo,Villa,1959
Manuel,Villani,1963
Mirko,Vitale,1959
Tommaso,Vitali,2011
Pietro,Volpe,1962
Luigi,Zanetti,1944
Giorgio,Sbazzeguti,1918
Angelo,Agostini,2008
Dario,Aiello,1985
Valerio,Albanese,2003
Domenico,Amato,1970
Claudio,Antonelli,1963
Alex,Arena,1940
Christian,Baldi,2010
Pepito,Barbieri,1977
Andrea,Barone,1989
Luca,Basile,1938
Marco,Battaglia,1929
Francesco,Bellini,2006
Matteo,Benedetti,1947
Alessandro,Bernardi,1992
Davide,Bianchi,2004
Simone,Bianco,1937
Federico,Brambilla,1993
Lorenzo,Bruni,1984
Mattia,Bruno,1942
Stefano,Calabrese,1932
Giuseppe,Caputo,1939
Giordano,Carbone,1983
Daniele,Caruso,1962
Michele,Castelli,1927
Alessio,Catalano,1927
Antonio,Cattaneo,2006
Giovanni,Cavallo,1970
Nicola,Ceccarelli,1920
Gabriele,Cirillo,1952
Fabio,Colombo,1995
Alberto,Conte,1919
Giacomo,Conti,1942
Giulio,Coppola,1962
Filippo,Costa,2005
Gianluca,Costantini,1995
Paolo,De Angelis,2008
Roberto,De Luca,1929
Salvatore,De Rosa,1988
Emanuele,De Santis,1967
Edoardo,De Simone,2000
Enrico,Di Stefano,2009
Vincenzo,Donati,1977
Nicolò,Esposito,1988
Leonardo,Fabbri,1939
Jacopo,Farina,1953
Manuel,Ferrante,1977
Mirko,Ferrara,1957
Tommaso,Ferrari,1929
Pietro,Ferraro,1943
Luigi,Ferrero,1982
Giorgio,Ferretti,1944
Angelo,Ferri,1965
Dario,Ferro,1950
Valerio,Fiore,1987
Domenico,Fontana,1974
Claudio,Franco,1958
Alex,Fumagalli,1977
Christian,Fusco,1926
Pepito,Galli,1959
Andrea,Gallo,2011
Luca,Gargiulo,2004
Marco,Garofalo,1961
Francesco,Gatti,1937
Matteo,Gentile,1951
Alessandro,Giordano,1948
Davide,Giorgi,2014
Simone,Giuliani,1941
Federico,Grassi,1958
Lorenzo,Grasso,1986
Mattia,Greco,1992
Stefano,Grimaldi,1942
Giuseppe,Guerra,1977
Giordano,Guidi,1951
Daniele,Leone,2012
Michele,Lombardi,1997
Alessio,Lombardo,1988
Antonio,Longo,1973
Giovanni,Lorusso,1939
Nicola,Mancini,1998
Gabriele,Marchetti,1999
Fabio,Marchi,2002
Alberto,Mariani,1926
Giacomo,Marini,1946
Giulio,Marino,1934
Filippo,Marra,1995
Gianluca,Martinelli,2003
Paolo,Martini,1975
Roberto,Martino,1954
Salvatore,Mazza,2012
Emanuele,Mele,2015
Edoardo,Meloni,1949
Enrico,Messina,1999
Vincenzo,Milani,1960
Nicolò,Monaco,1968
Leonardo,Montanari,1934
Jacopo,Monti,1991
Manuel,Morelli,1966
Mirko,Moretti,1956
Tommaso,Moro,1932
Pietro,Napolitano,1934
Luigi,Neri,1930
Giorgio,Olivieri,1957
Angelo,Orlando,1994
Dario,Pace,1965
Valerio,Pagano,1953
Domenico,Palmieri,1974
Claudio,Palumbo,1935
Alex,Parisi,2007
Christian,Pastore,1996
Pepito,Pellegrini,1917
Andrea,Pellegrino,1988
Luca,Pepe,1980
Marco,Perrone,1924
Francesco,Piazza,1919
Matteo,Piccolo,1998
Alessandro,Giordano,2002
Davide,Piras,2005
Simone,Poli,1955
Federico,Pozzi,1941
Lorenzo,Proietti,2000
Mattia,Ricci,1955
Stefano,Ricciardi,1971
Giuseppe,Rinaldi,1983
Giordano,Riva,1996
Daniele,Rizzi,1923
Michele,Rizzo,1998
Alessio,Romano,1970
Antonio,Romeo,1972
Giovanni,Rossetti,1938
Nicola,Rossi,1985
Gabriele,Ruggeri,1989
Fabio,Ruggiero,1950
Alberto,Russo,1924
Giacomo,Sala,1966
Giulio,Sanna,1996
Filippo,Santini,1959
Gianluca,Santoro,1924
Paolo,Sartori,2014
Roberto,Serra,1950
Salvatore,Silvestri,2001
Emanuele,Sorrentino,2012
Edoardo,Testa,1923
Enrico,Valente,1965
Vincenzo,Valentini,1920
Nicolò,Villa,1923
Leonardo,Villani,1945
Jacopo,Vitale,2006
Manuel,Vitali,2009
Mirko,Volpe,1984
Tommaso,Zanetti,1929
Pietro,Sbazzeguti,1993
Luigi,Agostini,1921
Giorgio,Aiello,1983
Angelo,Albanese,1960
Dario,Amato,2000
Valerio,Antonelli,1988
Domenico,Arena,1942
Claudio,Baldi,1954
Alex,Barbieri,1944
Christian,Barone,1962
Pepito,Basile,1921
Andrea,Battaglia,2015
Luca,Bellini,1995
Marco,Benedetti,1929
Francesco,Bernardi,1965
Matteo,Bianchi,1973
Alessandro,Bianco,1971
Davide,Brambilla,1970
Simone,Bruni,1971
Federico,Bruno,2002
Lorenzo,Calabrese,1955
Mattia,Caputo,1967
Stefano,Carbone,2006
Giuseppe,Caruso,2001
Giordano,Castelli,1968
Daniele,Catalano,2012
Michele,Cattaneo,1931
Alessio,Cavallo,1956
Antonio,Ceccarelli,2006
Giovanni,Cirillo,1998
Nicola,Colombo,1968
Gabriele,Conte,1983
Fabio,Conti,2000
Alberto,Coppola,1934
Giacomo,Costa,1926
Giulio,Costantini,1984
Filippo,De Angelis,2005
Gianluca,De Luca,1951
Paolo,De Rosa,1921
Roberto,De Santis,1931
Salvatore,De Simone,1994
Emanuele,Di Stefano,1923
Edoardo,Donati,1930
Enrico,Esposito,1971
Vincenzo,Fabbri,1935
Nicolò,Farina,1976
Leonardo,Ferrante,1928
Jacopo,Ferrara,1987
Manuel,Ferrari,1930
Mirko,Ferraro,1982
Tommaso,Ferrero,1974
Pietro,Ferretti,1966
Luigi,Ferri,1931
Giorgio,Ferro,1964
Angelo,Fiore,1952
Dario,Fontana,1983
Valerio,Franco,1961
Domenico,Fumagalli,1966
Claudio,Fusco,1923
Alex,Galli,1949
Christian,Gallo,1946
Pepito,Gargiulo,1973
Andrea,Garofalo,2015
Luca,Gatti,1930
Marco,Gentile,1988
Francesco,Giordano,1923
Matteo,Giorgi,1995
Alessandro,Giuliani,1977
Davide,Grassi,1958
Simone,Grasso,1997
Federico,Greco,1991
Lorenzo,Grimaldi,1936
Mattia,Guerra,2004
Stefano,Guidi,2003
Giuseppe,Leone,1991
Giordano,Lombardi,1921
Daniele,Lombardo,1963
Michele,Longo,2000
Alessio,Lorusso,1992
Antonio,Mancini,1975
Giovanni,Marchetti,1967
Nicola,Marchi,1950
Gabriele,Mariani,1925
Fabio,Marini,1979
Alberto,Marino,1995
Giacomo,Marra,1960
Giulio,Martinelli,1944
Filippo,Martini,1940
Gianluca,Martino,2007
Paolo,Mazza,1951
Roberto,Mele,1970
Salvatore,Meloni,1935
Emanuele,Messina,2005
Edoardo,Milani,1968
Enrico,Monaco,1946
Vincenzo,Montanari,1977
Nicolò,Monti,1974
Leonardo,Morelli,1924
Jacopo,Moretti,1938
Manuel,Moro,2013
Mirko,Napolitano,2004
Tommaso,Neri,2010
Pietro,Olivieri,1932
Luigi,Orlando,1990
Giorgio,Pace,1997
Angelo,Pagano,2006
Dario,Palmieri,1995
Valerio,Palumbo,1943
Domenico,Parisi,1988
Claudio,Pastore,1969
Alex,Pellegrini,2001
Christian,Pellegrino,1939
Pepito,Pepe,2002
Andrea,Perrone,2009
Luca,Piazza,2000
Marco,Piccolo,1981
Francesco,Giordano,1952
Matteo,Piras,1928
Alessandro,Poli,2003
Davide,Pozzi,1941
Simone,Proietti,1960
Federico,Ricci,1957
Lorenzo,Ricciardi,1958
Mattia,Rinaldi,1949
Stefano,Riva,2006
Giuseppe,Rizzi,1987
Giordano,Rizzo,2009
Daniele,Romano,1965
Michele,Romeo,1992
Alessio,Rossetti,1929
Antonio,Rossi,1962
Giovanni,Ruggeri,1979
Nicola,Ruggiero,1922
Gabriele,Russo,1977
Fabio,Sala,1953
Alberto,Sanna,2002
Giacomo,Santini,1965
Giulio,Santoro,1930
Filippo,Sartori,1927
Gianluca,Serra,1938
Paolo,Silvestri,1982
Roberto,Sorrentino,2011
Salvatore,Testa,1958
Emanuele,Valente,1966
Edoardo,Valentini,2003
Enrico,Villa,1942
Vincenzo,Villani,1930
Nicolò,Vitale,1939
Leonardo,Vitali,1954
Jacopo,Volpe,2014
Manuel,Zanetti,1961
Mirko,Sbazzeguti,1995
Tommaso,Agostini,1953
Pietro,Aiello,2002
Luigi,Albanese,1929
Giorgio,Amato,1944
Angelo,Antonelli,1972
Dario,Arena,1920
Valerio,Baldi,1992
Domenico,Barbieri,1948
Claudio,Barone,1933
Alex,Basile,1936
Christian,Battaglia,2010
Pepito,Bellini,1938
Andrea,Benedetti,1997
Luca,Bernardi,1948
Marco,Bianchi,1922
Francesco,Bianco,1944
Matteo,Brambilla,1959
Alessandro,Bruni,1931
Davide,Bruno,1965
Simone,Calabrese,1926
Federico,Caputo,1926
Lorenzo,Carbone,2005
Mattia,Caruso,1973
Stefano,Castelli,2012
Giuseppe,Catalano,1931
Giordano,Cattaneo,1986
Daniele,Cavallo,1933
Michele,Ceccarelli,1966
Alessio,Cirillo,1984
Antonio,Colombo,1976
Giovanni,Conte,1946
Nicola,Conti,1922
Gabriele,Coppola,1962
Fabio,Costa,1956
Alberto,Costantini,1947
Giacomo,De Angelis,2015
Giulio,De Luca,1959
Filippo,De Rosa,1923
Gianluca,De Santis,1948
Paolo,De Simone,1973
Roberto,Di Stefano,1942
Salvatore,Donati,1942
Emanuele,Esposito,1992
Edoardo,Fabbri,1921
Enrico,Farina,1971
Vincenzo,Ferrante,1998
Nicolò,Ferrara,1949
Leonardo,Ferrari,2014
Jacopo,Ferraro,2012
Manuel,Ferrero,1995
Mirko,Ferretti,1922
Tommaso,Ferri,1920
Pietro,Ferro,1984
Luigi,Fiore,1976
Giorgio,Fontana,2014
Angelo,Franco,1997
Dario,Fumagalli,1947
Valerio,Fusco,1929
Domenico,Galli,1947
Claudio,Gallo,2012
Alex,Gargiulo,1988
Christian,Garofalo,1974
Pepito,Gatti,2015
Andrea,Gentile,1933
Luca,Giordano,2013
Marco,Giorgi,1946
Francesco,Giuliani,1932
Matteo,Grassi,1955
Alessandro,Grasso,1950
Davide,Greco,1963
Simone,Grimaldi,2011
Federico,Guerra,1974
Lorenzo,Guidi,1987
Mattia,Leone,1988
Stefano,Lombardi,1976
Giuseppe,Lombardo,1940
Giordano,Longo,1968
Daniele,Lorusso,2008
Michele,Mancini,1936
Alessio,Marchetti,1964
Antonio,Marchi,1986
Giovanni,Mariani,1941
Nicola,Marini,1965
Gabriele,Marino,1954
Fabio,Marra,1999
Alberto,Martinelli,1961
Giacomo,Martini,1935
Giulio,Martino,1930
Filippo,Mazza,1974
Gianluca,Mele,1964
Paolo,Meloni,1924
Roberto,Messina,1944
Salvatore,Milani,1920
Emanuele,Monaco,1922
